{
    "coverage": 0.9147465437788018,
    "mean_width": 3782.967718778223,
    "median_width": 3504.0904522613064
}