{
    "Cox": {
        "c_index": 0.7551609862880423,
        "ibs": 0.08517992165516838,
        "auc_mean": 0.8312922340364822
    },
    "RSF": {
        "c_index": 0.7423611322246207,
        "ibs": 0.08336049289962372,
        "auc_mean": 0.82258257268434
    }
}